,client_user_id,session_id,avg_fps,std_fps,avg_bitrate,std_bitrate,avg_dropped_frames,std_dropped_frames,max_dropped_frames,std_rtt,avg_rtt,device,total_hours,session_end,session_start,stream_quality,next_session
0,0302549e-5522-43e5-b2f2-0b470932a6fd,b3aebc80-ff28-4569-bd18-2ace692f668e,29.838006230529594,1.8230951737254584,3210.495327102804,660.7808549431089,0.0,0.0,0.0,12.398542303275248,64.61993769470405,Windows,0.4527777777777778,2022-09-01 00:27:15,2022-09-01 00:00:05,0.0,0.0
1,052f1085-d37f-41c3-b003-5e7a2c64f075,09d92b17-4ef5-46aa-b2a8-f3c91525ab8c,29.80505415162455,1.6871257899216094,8704.988138215575,3188.251003232265,0.09334708612686952,2.1602593413247195,58.0,30.42265880106485,51.17741103661681,Windows,2.7333333333333334,2022-09-01 15:00:10,2022-09-01 12:16:10,0.0,0.0
2,052f1085-d37f-41c3-b003-5e7a2c64f075,0aabf12c-b17b-4709-9234-d016ac38b474,29.66355140186916,2.746746596649228,7604.707943925234,3128.8378058323938,0.37383177570093457,3.8326182085214335,41.0,36.04269975227134,29.05841121495327,Windows,0.6013888888888889,2022-09-01 10:51:50,2022-09-01 10:15:45,0.0,0.0
3,06a23817-1156-406b-9b22-004e1442c68e,37e77e23-be23-406e-b532-333f7eb24be7,27.446700507614214,2.6328869420547867,8397.23350253807,3244.2041123747745,0.0,0.0,0.0,130.2315573149118,47.192893401015226,Windows,0.275,2022-09-01 21:02:25,2022-09-01 20:45:55,0.0,0.0
4,07393db8-e059-4cbd-b16f-88ab2019f045,5472db05-d7fa-429f-a706-9acfcf1c92dd,40.30385487528345,11.583148407704117,20852.492063492064,5943.472255325456,3.2426303854875282,13.088986594858184,99.0,13.433692169866944,32.37944066515495,Windows,1.9819444444444445,2022-09-01 13:14:25,2022-09-01 11:15:30,0.0,0.0
5,07393db8-e059-4cbd-b16f-88ab2019f045,ad980c4f-d94f-4530-89e6-e33ae1979b64,32.758,7.405208317153605,7901.64,3299.045103600613,0.0,0.0,0.0,179.37761581119386,41.098,Windows,0.7458333333333333,2022-09-01 19:30:40,2022-09-01 18:45:55,0.0,0.0
6,086be3b2-31f6-4ed8-8076-d2696e2c5aa1,91b61d2d-ebfe-4c3c-b449-17bac3633b49,55.45161290322581,9.629454509428067,9514.862903225807,9734.543652728531,0.0,0.0,0.0,92.51806737556876,156.5483870967742,Windows,0.34305555555555556,2022-09-01 15:26:40,2022-09-01 15:06:05,0.0,0.0
7,086be3b2-31f6-4ed8-8076-d2696e2c5aa1,c84fccc2-cdfd-43ea-bcb7-0383d987b743,56.81551362683438,6.460572925000281,10831.916142557651,8784.800345278116,0.0,0.0,0.0,72.86074353268172,201.58909853249475,Windows,0.6680555555555555,2022-09-01 16:27:40,2022-09-01 15:47:35,0.0,0.0
8,1609b66b-f35d-4164-a09d-e172ef71a81c,295366da-aa6c-4df1-a41e-184b3ed1745d,50.84275862068966,9.130429549627792,15481.231724137931,10506.245358971717,0.0,0.0,0.0,2.140712949860784,30.96,Windows,1.0055555555555555,2022-09-01 19:36:25,2022-09-01 18:36:05,0.0,0.0
9,1609b66b-f35d-4164-a09d-e172ef71a81c,34f9b8e9-1c11-42b3-9f10-719e6fc0aa33,42.693548387096776,5.44898459386496,1396.8870967741937,778.009315651563,0.0,0.0,0.0,0.30680627421798934,34.064516129032256,Windows,0.08472222222222223,2022-09-01 23:56:20,2022-09-01 23:51:15,0.0,0.0
10,1fdc821b-0028-4e11-9fb6-d9fa1f81b082,74d74dc4-4568-48d6-89bb-2a06e79829d4,33.072463768115945,9.302666120856934,2265.3333333333335,454.20567485970275,0.9288537549407114,7.836569279827034,100.0,146.52728524070895,89.35573122529644,Windows,1.0694444444444444,2022-09-01 12:04:50,2022-09-01 11:00:40,0.0,0.0
11,1fdc821b-0028-4e11-9fb6-d9fa1f81b082,cedf7474-45dd-46ae-b7ef-59f19c4a53e7,28.617715617715618,13.387859106272005,2684.795648795649,810.4238236353452,2.623931623931624,13.438529566503345,155.0,172.04770518464466,107.00699300699301,Windows,1.825,2022-09-01 14:05:40,2022-09-01 12:16:10,0.0,0.0
12,215f71b0-0544-4efa-9653-8adead8891af,90783f92-1a81-411b-87d5-1e2029cb73dd,23.128755364806867,12.11548904243281,4432.587982832618,3680.7898482657683,0.3133047210300429,4.018346264840631,60.0,749.6731278225537,132.78540772532187,Windows,0.3263888888888889,2022-09-01 22:35:30,2022-09-01 22:15:55,0.0,0.0
13,21604c24-2390-4df2-92d1-69db3ad16c50,1db0fca5-0566-4dae-8489-5b62af9790af,47.06926406926407,8.437723723254054,23969.380952380954,4714.1653604374815,2.2034632034632033,9.692991019834725,51.0,9.552761939949496,16.0995670995671,Windows,0.3194444444444444,2022-09-01 12:20:20,2022-09-01 12:01:10,0.0,0.0
14,22b0351e-19d4-468a-bdbb-39aaa57a2b14,5b7de215-af6f-491c-8b73-292aa6c95160,31.012102874432678,8.868902359146109,3054.8638426626326,3814.0126586340766,0.4629349470499244,11.902020576241524,306.0,550.985457638358,146.2087745839637,Windows,0.9777777777777777,2022-09-01 08:59:20,2022-09-01 08:00:40,0.0,0.0
15,2463dcee-09b9-4f8c-866d-01532be5d7ed,195205fb-64ce-4951-a8cf-9fa21425c423,29.778048780487804,2.1311128777565167,9617.693902439025,2389.3763334230603,0.0475609756097561,1.2300397176108364,35.0,4.885916092445714,31.87560975609756,Mac,1.1972222222222222,2022-09-02 00:14:50,2022-09-01 23:03:00,0.0,0.0
16,2463dcee-09b9-4f8c-866d-01532be5d7ed,579df5d7-6d49-4a2f-81c6-31fa36095624,29.908163265306122,0.8946568891830433,9921.268707482994,1787.862338055296,0.0,0.0,0.0,2.9350839101086534,32.1530612244898,Mac,0.4152777777777778,2022-09-01 00:25:00,2022-09-01 00:00:05,0.0,0.0
17,28322de3-f3cb-40e6-920d-bbff6e8af59f,fd9f252f-7aee-4d68-ad3f-71e2f0ece44d,26.854469854469855,3.30271759622943,1156.8960498960498,286.44908216271904,0.0,0.0,0.0,25.589004136730935,57.82120582120582,Windows,0.6791666666666667,2022-09-01 17:57:40,2022-09-01 17:16:55,0.0,0.0
18,296129ac-08e5-4a75-8d68-94197a019bef,ea37682b-9a64-485e-9561-31d0dfae1c9a,29.790262172284645,1.4154345820912313,5591.288389513109,1900.4792232427926,0.0,0.0,0.0,5.914886581407234,29.088639200998752,Windows,1.176388888888889,2022-09-01 20:12:00,2022-09-01 19:01:25,0.0,0.0
19,296129ac-08e5-4a75-8d68-94197a019bef,fa010f96-6517-4faf-8597-897de7723b79,27.89817232375979,2.770935880905702,8834.503916449086,9481.603245997661,0.0,0.0,0.0,12.473938492925818,31.01827676240209,Windows,0.5583333333333333,2022-09-01 17:50:10,2022-09-01 17:16:40,0.0,0.0
20,299567d3-4d50-474a-a7c6-b021520a9dad,42c26d05-e05e-4e97-b27b-bb0cdc3bc651,22.73931623931624,6.247780134736643,3000.803418803419,3819.8768169683553,0.0,0.0,0.0,24.530443419175416,18.397435897435898,Windows,0.34444444444444444,2022-09-01 19:22:10,2022-09-01 19:01:30,0.0,0.0
21,299567d3-4d50-474a-a7c6-b021520a9dad,46e0385e-0502-4295-8a16-d52e07cedee2,32.03119935170178,12.616069909582992,4356.454213938412,3014.2667180456488,0.0,0.0,0.0,35.33286979932143,20.814019448946514,Windows,3.4916666666666667,2022-09-02 00:15:40,2022-09-01 20:46:10,0.0,0.0
22,29d0b585-e489-4837-979b-46ae3fb327c2,5a78f35d-68be-4f20-a524-03f3588f4017,47.99558498896247,10.482502249669013,13718.486754966887,4876.486286007009,0.05849889624724062,1.7608070595905019,53.0,11.22529707959404,7.687637969094923,Windows,1.3944444444444444,2022-09-01 01:23:45,2022-09-01 00:00:05,0.0,0.0
23,29d0b585-e489-4837-979b-46ae3fb327c2,e05f7607-f76e-4a8d-abaa-17ccb69a0ca0,51.988713318284425,8.034279437402034,14992.30474040632,5659.767905690983,0.16027088036117382,3.3733118008336174,71.0,80.76043175125764,11.139954853273137,Windows,0.6583333333333333,2022-09-01 22:55:25,2022-09-01 22:15:55,0.0,0.0
24,2a025af2-a1bd-4de2-b5da-7d6d48f90f26,04a4f3d6-09f9-4a40-a8f6-9c5b13452b04,29.720394736842106,1.618002631931081,28101.871710526317,5601.591081135177,0.0,0.0,0.0,4.914096168157932,17.763157894736842,Windows,0.4361111111111111,2022-09-01 17:26:35,2022-09-01 17:00:25,0.0,0.0
25,30a43fdd-ed85-4c98-a968-f2f0e6b0a90a,046a46b9-3ac7-457f-921c-c1f3254fa90c,28.91320754716981,1.3994097424326983,2031.9811320754718,622.3381343213123,0.0,0.0,0.0,2.377429845462783,71.91698113207548,Windows,0.37083333333333335,2022-09-01 22:53:10,2022-09-01 22:30:55,0.0,0.0
26,30a43fdd-ed85-4c98-a968-f2f0e6b0a90a,b086c96f-d0d4-421f-85ec-e981ec4b9db3,27.288711288711287,3.7428008440849734,2846.1673326673326,3371.19325172876,0.06943056943056942,2.2032356777473296,79.0,232.24261806237547,78.48301698301698,Windows,3.118055555555556,2022-09-01 19:37:45,2022-09-01 16:30:40,0.0,0.0
27,330ce717-bf20-4449-9312-7e3ddffab65c,bfd49b9c-9306-4d5f-8d87-27b62f7fc8c3,50.655072463768114,8.89897329183561,3989.086956521739,4238.014185512201,0.2,3.7148351242013398,69.0,4.142325937509612,83.90144927536232,Windows,0.4791666666666667,2022-09-01 18:10:05,2022-09-01 17:41:20,0.0,0.0
28,334bff9b-0767-4204-942b-90a1e0eb0e83,2df41861-c159-491f-8e0d-80b4ccf882ad,28.067724867724866,3.575111946876156,6031.040211640212,6097.271608712808,0.0,0.0,0.0,403.918840083063,135.61693121693122,Windows,1.3930555555555555,2022-09-01 15:09:20,2022-09-01 13:45:45,0.0,0.0
29,334bff9b-0767-4204-942b-90a1e0eb0e83,54739d02-f56b-416d-8ad9-c3c932d95d9f,29.710459183673468,2.0323717867013285,752.8737244897959,617.3091477668925,0.02295918367346939,0.9091372900969896,36.0,517.0360095223433,128.18303571428572,Windows,2.188888888888889,2022-09-01 18:56:45,2022-09-01 16:45:25,0.0,0.0
30,334bff9b-0767-4204-942b-90a1e0eb0e83,858f0bb7-3c0b-426d-a6a4-084ccad4ed68,28.994059405940593,1.6624841437469298,580.3168316831683,549.7736679093043,0.0,0.0,0.0,531.8982956245111,98.72079207920792,Windows,0.7569444444444444,2022-09-01 16:31:10,2022-09-01 15:45:45,0.0,0.0
31,343e4480-f964-4fa8-93ae-5e57b47aadfe,4fe2508b-379c-494f-be20-a664d9a93b1e,48.55334987593052,14.289090833914845,4872.776674937965,2185.0831558004943,0.0,0.0,0.0,283.30138961471533,47.53349875930521,Windows,0.6583333333333333,2022-09-01 21:09:55,2022-09-01 20:30:25,0.0,0.0
32,3718c99b-ec8b-4eab-8592-07f25ee1a05c,11ebe077-f03a-423c-9d73-d6923f0ef8dd,27.223140495867767,3.793607788780546,751.694214876033,774.5758607454704,0.0,0.0,0.0,26.34454899420351,23.512396694214875,Windows,0.17083333333333334,2022-09-01 20:25:55,2022-09-01 20:15:40,0.0,0.0
33,3718c99b-ec8b-4eab-8592-07f25ee1a05c,1df083bd-86ec-404f-9b4a-c2bae98b64f8,27.877492877492877,5.173485200998368,949.3988603988604,996.3744221061021,0.0,0.0,0.0,230.5603647085114,113.06267806267806,Windows,0.4861111111111111,2022-09-01 23:44:35,2022-09-01 23:15:25,0.0,0.0
34,3b460f71-5848-4e00-bc91-4e0fec34c702,1f7d9f81-efeb-4306-a2cf-c9936bd714d0,29.61104582843713,2.7324318341882785,2828.8331374853115,1143.687079943647,0.17508813160987075,2.785447871557619,56.0,8.074913983882452,17.314923619271447,Windows,1.2444444444444445,2022-09-01 13:45:10,2022-09-01 12:30:30,0.0,0.0
35,3b460f71-5848-4e00-bc91-4e0fec34c702,975de4e5-66e4-40fd-b7d5-4a8a4f8177bc,29.26027397260274,3.317778223181058,2951.72602739726,854.4318178286098,1.3972602739726028,7.552555586714404,52.0,5.3210617953691335,15.719178082191782,Windows,0.2222222222222222,2022-09-01 14:59:00,2022-09-01 14:45:40,0.0,0.0
36,3ddecc1e-f611-4cfa-9a6b-d05707327bb1,684c6a26-ae17-49e0-b638-cf469772b351,29.94818652849741,0.7270153930231281,6166.062176165803,967.8588246471295,0.0,0.0,0.0,2.482777464418395,33.26424870466321,Windows,0.2708333333333333,2022-09-01 12:32:25,2022-09-01 12:16:10,0.0,0.0
37,3e3e455e-fee1-4d7a-a4ac-53bffd1af631,ea4473f3-72ff-45d6-8320-a86c8097e7d0,28.320846905537458,4.632284952580878,3790.312703583062,3095.4015238313123,0.0,0.0,0.0,8.772878446121629,15.539087947882736,Windows,0.9083333333333333,2022-09-01 01:40:10,2022-09-01 00:45:40,0.0,0.0
38,3fe8ddda-3b0c-4f7d-8e53-0ffacb06a0b3,64c4644f-e423-4bbe-8ae6-8daa9b37ecbd,24.9875,4.648380009084967,1735.8125,1910.8535046668196,0.0,0.0,0.0,33.124427389366566,98.6125,Windows,0.11805555555555555,2022-09-01 07:22:30,2022-09-01 07:15:25,0.0,0.0
39,409e7f29-efdf-4a40-ac32-da5a4ea069a2,65bcbdee-e98f-431a-b21d-9e6ae10885a0,27.115702479338843,1.664282040624065,796.5867768595041,547.7852935445524,0.0,0.0,0.0,10.092860854108,40.553719008264466,Windows,0.18055555555555555,2022-09-01 16:56:30,2022-09-01 16:45:40,0.0,0.0
40,413f3a66-ca86-4204-ab62-53a581d7495b,02ba13f9-68d4-4721-b9c4-d44b83a4a0a2,27.504761904761907,5.960193005326489,4243.271428571428,3286.313921997807,0.24285714285714285,3.519334352646006,51.0,766.6503153724036,152.56666666666666,Windows,0.30694444444444446,2022-09-01 16:03:50,2022-09-01 15:45:25,0.0,0.0
41,413f3a66-ca86-4204-ab62-53a581d7495b,10fac984-000a-4a57-b445-f022eb407e30,26.476923076923075,3.6247932776632887,3291.6676923076925,3077.794647020942,0.0,0.0,0.0,12.75263375214446,34.88923076923077,Windows,0.45,2022-09-01 17:27:25,2022-09-01 17:00:25,0.0,0.0
42,413f3a66-ca86-4204-ab62-53a581d7495b,1f534186-4821-4cc5-9359-ce08ee77ab79,29.16470588235294,2.319697280921182,3954.1941176470586,3326.498372708731,0.0,0.0,0.0,184.5473997182772,52.34705882352941,Windows,0.2569444444444444,2022-09-01 16:45:50,2022-09-01 16:30:25,0.0,0.0
43,413f3a66-ca86-4204-ab62-53a581d7495b,35b58098-c446-40fc-a6e7-9ff971092f2d,26.948827292110874,2.5241811433703023,2489.8294243070363,1816.2952326153418,0.0,0.0,0.0,173.21777177610358,45.181947405828005,Windows,1.965277777777778,2022-09-01 23:43:55,2022-09-01 21:46:00,0.0,0.0
44,413f3a66-ca86-4204-ab62-53a581d7495b,46d48ea0-3591-4e3f-b682-2cbbe102315b,29.38888888888889,1.6869830911083654,6169.333333333333,2824.145187085085,0.0,0.0,0.0,35.373518543057074,40.81481481481482,Windows,0.07361111111111111,2022-09-01 15:20:25,2022-09-01 15:16:00,0.0,0.0
45,413f3a66-ca86-4204-ab62-53a581d7495b,5e2c1c4a-69c3-4f81-95b0-8c5bc655f832,21.0,13.856406460551018,1297.3333333333333,706.1595664814953,0.0,0.0,0.0,138.5640646055102,288.0,Windows,0.002777777777777778,2022-09-01 15:33:10,2022-09-01 15:33:00,0.0,0.0
46,413f3a66-ca86-4204-ab62-53a581d7495b,6151634a-ec31-46d1-a47c-1e57a36a2f98,26.18106312292359,2.261323556156034,2571.3953488372094,1400.834575291723,0.0,0.0,0.0,983.3102028508868,71.00664451827242,Windows,0.9597222222222223,2022-09-01 00:58:10,2022-09-01 00:00:35,0.0,0.0
47,413f3a66-ca86-4204-ab62-53a581d7495b,630ac6cc-2de8-424d-8c9b-2a3847ead784,2.0,0.0,1350.0,995.6063479106589,0.0,0.0,0.0,2.1213203435596424,210.5,Windows,0.001388888888888889,2022-09-01 17:31:30,2022-09-01 17:31:25,0.0,0.0
48,413f3a66-ca86-4204-ab62-53a581d7495b,690eec74-3c19-4a9a-a736-a15acc93bf62,29.0,0.816496580927726,609.75,322.92246231358183,0.0,0.0,0.0,13.69914839202301,39.5,Windows,0.004166666666666667,2022-09-02 00:15:40,2022-09-02 00:15:25,0.0,0.0
49,413f3a66-ca86-4204-ab62-53a581d7495b,736a61da-64c9-49c8-abe7-ad5f7978f31c,28.22875816993464,3.508442321979911,4820.588235294118,3287.9113201348982,0.0,0.0,0.0,210.19559993129766,61.16339869281046,Windows,0.2111111111111111,2022-09-01 11:28:05,2022-09-01 11:15:25,0.0,0.0
50,413f3a66-ca86-4204-ab62-53a581d7495b,744ea0dd-ad62-4daf-9b89-988e2c321158,27.952380952380953,5.08453877576049,5583.428571428572,2833.120698807098,0.0,0.0,0.0,10.267392796553061,35.0,Windows,0.08611111111111111,2022-09-01 13:50:35,2022-09-01 13:45:25,0.0,0.0
51,413f3a66-ca86-4204-ab62-53a581d7495b,7df421ae-b734-4d9a-89c0-ac1ca3e4a4dd,4.184655396618986,3.2699266790805304,892.556566970091,351.7413855801812,0.0,0.0,0.0,959.4554712057073,114.82834850455137,Windows,1.0930555555555557,2022-09-01 13:00:50,2022-09-01 11:55:15,0.0,0.0
52,413f3a66-ca86-4204-ab62-53a581d7495b,81bdc193-ce55-4c74-81bb-817349a61f9f,4.0,0.0,2477.0,1073.312629199899,0.0,0.0,0.0,51.87677707799512,339.2,Windows,0.005555555555555556,2022-09-01 15:26:30,2022-09-01 15:26:10,0.0,0.0
53,413f3a66-ca86-4204-ab62-53a581d7495b,b62d8896-17c0-4bb3-b18d-e29a23e89ee8,25.872785829307567,3.2111072556491687,2310.281803542673,2377.9418193608367,0.0,0.0,0.0,340.57389942920923,61.45893719806763,Windows,0.8625,2022-09-01 14:45:10,2022-09-01 13:53:25,0.0,0.0
54,413f3a66-ca86-4204-ab62-53a581d7495b,d264bad7-9d94-42c4-917a-9cc4d074120f,30.166023166023166,3.9334882067103596,5290.594594594595,3135.3903348807617,0.0,0.0,0.0,503.0185184288688,114.6988416988417,Windows,0.3763888888888889,2022-09-01 02:08:00,2022-09-01 01:45:25,0.0,0.0
55,413f3a66-ca86-4204-ab62-53a581d7495b,d5fe6f8c-4587-4107-8b6c-56b5e4f2ec7e,29.68091168091168,2.179293534455675,2979.6837606837607,3049.70592675867,0.0,0.0,0.0,87.04965195083724,29.444444444444443,Windows,0.5083333333333333,2022-09-01 20:00:55,2022-09-01 19:30:25,0.0,0.0
56,413f3a66-ca86-4204-ab62-53a581d7495b,e32e2f5a-5d12-42bc-9891-59b40661ff08,28.966183574879228,5.195574706348033,5497.091787439614,3203.959467320583,0.30917874396135264,4.448307499884261,64.0,1223.7727170742141,542.4251207729469,Windows,0.30833333333333335,2022-09-01 01:33:55,2022-09-01 01:15:25,0.0,0.0
57,413f3a66-ca86-4204-ab62-53a581d7495b,f872bcf8-4e45-4475-a488-75faf2782ca7,13.708860759493671,9.028660772903054,3735.1518987341774,539.6622183961903,0.0,0.0,0.0,40.429132663618816,6.189873417721519,Windows,0.1125,2022-09-01 15:07:40,2022-09-01 15:00:55,0.0,0.0
58,413f3a66-ca86-4204-ab62-53a581d7495b,fa7e92e5-e2e2-430b-b8e7-62a98a1ddd6c,27.926713947990542,2.1784860021543047,2955.7186761229314,2852.1944995605318,0.0,0.0,0.0,72.36725406930061,38.8936170212766,Windows,0.5861111111111111,2022-09-01 18:38:05,2022-09-01 18:02:55,0.0,0.0
59,44edcf94-7764-49bd-b822-a84d8e610275,e1f782a2-b304-4ac8-8bed-d8979b7f15a8,29.44360902255639,3.473703985464978,14662.898496240601,3151.5746206710874,0.9774436090225563,5.90805802837272,53.0,14.564200332932066,24.834586466165412,Windows,0.3763888888888889,2022-09-01 00:22:40,2022-09-01 00:00:05,0.0,0.0
60,45c43da6-4cc4-4855-90fe-69c7f39ec587,ab0baf09-e8c0-40ad-909d-030f57b70b29,29.879140239605356,1.089822999696662,7907.6973220577875,4286.081849389785,0.0,0.0,0.0,6.533964032125394,5.393234672304439,Windows,4.009722222222222,2022-09-01 14:31:15,2022-09-01 10:30:40,0.0,0.0
61,46270d01-0487-4f81-80bc-2162c1148a7b,4a2a0773-cc0f-449b-9e4e-49fff3fc30c5,45.65217391304348,2.0709907188456342,6059.04347826087,1303.4015614670648,0.0,0.0,0.0,14.28039451553008,3.4782608695652173,Windows,0.09583333333333334,2022-09-01 13:37:15,2022-09-01 13:31:30,0.0,0.0
62,46edb4ea-ddd4-4539-8310-a54f970e53a9,e72ef672-6955-4a0d-b3fb-eaf95ee12deb,28.577433628318584,2.7985939703112774,1493.6570796460178,1356.1298166046404,0.07079646017699115,1.5051533894137559,32.0,5.562332637961444,33.07079646017699,Windows,0.6319444444444444,2022-09-01 14:11:35,2022-09-01 13:33:40,0.0,0.0
63,48d7cc9a-3814-4d7f-ad69-d147ef5f698d,d07762cf-60c9-4bef-8925-ca5e4c043ed1,28.404624277456648,2.3855559320209205,6105.618497109826,3938.956947802601,0.0,0.0,0.0,194.19216254948034,55.74566473988439,Windows,0.5,2022-09-02 00:15:40,2022-09-01 23:45:40,0.0,0.0
64,49bd565e-29c1-4b63-ab7e-58da8c698462,b7b471c8-0e2a-40a6-8bf1-69a37bc37d76,56.27954971857411,10.76625777899558,3232.3489681050655,941.0856423636641,0.6810506566604128,7.336152447205011,89.0,34.06191323238115,64.75046904315197,Windows,0.7458333333333333,2022-09-02 00:15:40,2022-09-01 23:30:55,0.0,0.0
65,4a46c49f-0499-43ef-ab35-8b59776c600f,2a5f3ecd-cc42-4aa1-a38a-e3adaf08b440,25.175675675675677,1.4273081101563285,4751.7972972972975,6876.790406927822,0.0,0.0,0.0,10.528886940219556,4.27027027027027,Windows,0.19027777777777777,2022-09-01 22:57:35,2022-09-01 22:46:10,0.0,0.0
66,4de5d20f-57c0-4697-a90a-ffed93aa7cfb,34b0d889-c198-4733-9e65-d8a14f29a117,29.657593123209168,1.5501636350504617,9971.815186246418,1852.4106889338532,0.0,0.0,0.0,4.595773168682193,18.08595988538682,Windows,2.9611111111111112,2022-09-01 17:13:20,2022-09-01 14:15:40,0.0,0.0
67,4de5d20f-57c0-4697-a90a-ffed93aa7cfb,9d263974-e412-4ff4-bee4-ae694b4ca831,29.96901408450704,0.6410040496134253,10170.925352112676,1563.160308790614,0.0,0.0,0.0,0.88755676296743,16.364788732394366,Windows,1.0,2022-09-02 00:15:40,2022-09-01 23:15:40,0.0,0.0
68,4fd7560b-51a5-49e1-bb2f-fbe4c1259df3,4d6cb0d5-d330-43f9-aac7-81e4ae845c48,26.69815668202765,4.775674148110143,4463.200460829493,2511.354634574784,0.0,0.0,0.0,9.940799210169137,37.32258064516129,Windows,0.6458333333333334,2022-09-01 07:54:25,2022-09-01 07:15:40,0.0,0.0
69,4fd7560b-51a5-49e1-bb2f-fbe4c1259df3,fa03d762-d59c-4954-b3a4-faccefdac711,24.15277777777778,4.284429275518585,4053.7638888888887,2565.632132704019,0.0,0.0,0.0,6.4858852056946255,35.279761904761905,Windows,0.7444444444444445,2022-09-01 06:15:20,2022-09-01 05:30:40,0.0,0.0
70,51ffa9b2-5d2f-4b00-b6ac-65561fd86a9d,376dcc62-2367-4f25-b382-7cb735f3cb94,25.81904761904762,1.7638515133571082,1225.152380952381,1244.2638909825077,0.0,0.0,0.0,10.126426096827327,68.11428571428571,Windows,0.14444444444444443,2022-09-01 09:09:05,2022-09-01 09:00:25,0.0,0.0
71,5271b300-e12b-4840-99aa-8967a3c3201f,20bfc60a-3b7d-4d0d-a0d7-61b58ec2f58a,28.83768115942029,5.303276232046941,15834.936231884058,6235.256243358438,1.7449275362318841,7.8060712848793194,62.0,71.8319872689862,34.75942028985507,Windows,0.5,2022-09-02 00:15:40,2022-09-01 23:45:40,0.0,0.0
72,5271b300-e12b-4840-99aa-8967a3c3201f,c80328cf-0b7f-4160-8d0c-09c3332dade5,29.63892288861689,3.1468320227787436,8736.31946144431,3249.038810658075,0.7270501835985312,6.16641482570104,87.0,92.966064467024,46.083231334149325,Windows,1.159722222222222,2022-09-01 01:55:15,2022-09-01 00:45:40,0.0,0.0
73,53856026-59ed-4fa0-964a-4079bb8d9abc,1c2d755f-8261-431a-aaf6-0eb8fd1b44a7,24.06497175141243,3.8081672262340676,30.14265536723164,44.62350107717457,0.8813559322033898,5.192753341702093,47.0,86.73257164784789,199.2090395480226,Windows,0.9986111111111111,2022-09-01 22:15:20,2022-09-01 21:15:25,0.0,0.0
74,544ac73c-205b-409d-bcd9-8a6702d091dd,9f63dc52-1503-4ee9-970a-4fb7a0388413,29.243027888446214,2.607356185178763,8420.25,3436.8135205049807,0.0,0.0,0.0,4.106604464518253,46.71912350597609,Windows,1.4013888888888888,2022-09-01 18:09:30,2022-09-01 16:45:25,0.0,0.0
75,544ac73c-205b-409d-bcd9-8a6702d091dd,f3c25622-0a44-4377-9ef2-80ad83d29eba,29.488745980707396,2.7072459643589397,8196.109324758843,3647.2156124828525,0.06270096463022508,1.5637575325410198,39.0,734.5911042327577,76.96302250803859,Windows,0.9375,2022-09-01 12:42:30,2022-09-01 11:46:15,0.0,0.0
76,5ba449b7-bd27-4ecb-97f6-daf0873c66fb,c1c19ef6-c31f-4937-8623-4e74c8856cc5,29.323255813953487,2.9239755743102394,8029.481395348837,3424.5273886346868,0.18372093023255814,2.7971738799745216,59.0,27.33790571993033,36.759302325581395,Windows,1.2444444444444445,2022-09-01 16:00:20,2022-09-01 14:45:40,0.0,0.0
77,5be02825-fa61-4f81-a477-12cf0cc85782,09aaadc4-e06f-4ac2-8305-75a54aeb3201,39.10682730923695,10.513916362289015,6715.95983935743,7624.433843827373,0.21044176706827308,3.834903195874281,89.0,124.81441190992824,85.0570281124498,Windows,2.2,2022-09-01 11:42:40,2022-09-01 09:30:40,0.0,0.0
78,5be02825-fa61-4f81-a477-12cf0cc85782,9be2412a-2451-46fd-bb85-898b852f6644,38.99203187250996,14.86559666903173,5118.217131474104,3543.7332467353267,0.6832669322709163,7.454002587557341,99.0,32.70734163239923,49.19521912350598,Windows,0.7,2022-09-01 09:12:25,2022-09-01 08:30:25,0.0,0.0
79,5be02825-fa61-4f81-a477-12cf0cc85782,9c389a1c-8945-43af-b374-7d73b3f1ba0f,34.63625557206538,11.610181179527949,7125.7147102526005,6049.443888812319,0.08261515601783061,2.268341347608607,74.0,593.06294016376,120.14115898959881,Windows,4.731944444444444,2022-09-01 04:44:00,2022-09-01 00:00:05,0.0,0.0
80,5be02825-fa61-4f81-a477-12cf0cc85782,9d7ee17f-8033-4a3e-8a89-f97ba015b785,51.035555555555554,6.996719752969049,6649.622222222222,4431.1898005627245,0.5688888888888889,6.039003518136373,69.0,5.764515838918554,61.56,Windows,0.3111111111111111,2022-09-01 05:34:20,2022-09-01 05:15:40,0.0,0.0
81,5cef2ea6-64ce-4069-86bf-76d8fa89567c,201e5450-b908-4cbc-9c0e-d4ccc1f6aebd,27.874762808349146,5.912501150789045,16790.92979127135,4026.947463686297,2.316888045540797,9.30310056009117,63.0,2.391738546043758,31.426944971537,Mac,0.7416666666666667,2022-09-02 00:15:40,2022-09-01 23:31:10,0.0,0.0
82,5cef2ea6-64ce-4069-86bf-76d8fa89567c,9308f598-654a-44b8-9ecc-140bcaa164b7,25.37248322147651,6.290298864610079,7331.728187919463,7266.593107074447,2.1308724832214767,9.335839485526177,60.0,12.105385530652377,33.493288590604024,Mac,0.4305555555555556,2022-09-01 11:26:30,2022-09-01 11:00:40,0.0,0.0
83,607942c6-30bc-4021-a90d-159e3f43645a,48da50c7-002e-4583-8ae2-198a28734776,15.64655172413793,11.359725554840473,7044.818965517241,8119.173624167613,28.94396551724138,44.80531583488439,141.0,1694.127237065951,936.8146551724138,Windows,0.325,2022-09-01 00:50:25,2022-09-01 00:30:55,0.0,0.0
84,607942c6-30bc-4021-a90d-159e3f43645a,668e8552-a853-4723-b953-a10578117c34,25.952912019826517,10.57704064410489,6251.9157372986365,3820.972553408324,5.0817843866171,16.2439020836899,105.0,809.9567624398588,216.13011152416357,Windows,2.488888888888889,2022-09-01 03:30:05,2022-09-01 01:00:45,0.0,0.0
85,60c7c34b-d5b9-4390-b1f0-a4eb7c1d9a5a,5615ea33-7a45-4015-b621-16fd375d48b5,29.62720156555773,10.246853452511903,9321.189823874756,2605.141211866469,1.1487279843444227,9.577836874948035,164.0,662.5485009114424,269.0890410958904,Windows,1.5611111111111111,2022-09-01 22:04:20,2022-09-01 20:30:40,0.0,0.0
86,611d302c-2246-44da-8421-6376864dca0b,9a7ed8d0-f347-4855-8b33-0017b7c58b45,29.641509433962263,2.4784719130231467,8998.264150943396,3316.65132411172,0.0,0.0,0.0,11.444337135889441,24.81761006289308,Windows,0.24166666666666667,2022-09-01 14:00:10,2022-09-01 13:45:40,0.0,0.0
87,614a30ed-8925-4e0a-8eee-dd16660cf619,8cc18851-5496-45e0-a780-ba7ef0b678e2,50.27041499330656,7.29201114255546,15110.22623828648,5541.568069471563,0.3507362784471218,4.65600985193864,64.0,970.3393591013175,85.9946452476573,Windows,1.1097222222222223,2022-09-01 12:37:15,2022-09-01 11:30:40,0.0,0.0
88,61863e37-6a00-43f3-af83-41a9de50f26a,c809e3b7-b67f-4886-8172-744270ada962,29.286104006820118,8.745783601893267,1863.1021312872974,533.875948717736,0.4985507246376812,10.977748156343313,530.0,1465.3828787502366,507.61057118499576,Windows,8.25,2022-09-01 15:30:40,2022-09-01 07:15:40,0.0,0.0
89,627a563d-5ffc-4b2e-8187-518cdf49e4d2,52b63afa-e506-4f26-9a2f-67f074bfe463,26.0078125,5.417031181306677,20122.596875,11253.424223927734,0.5421875,4.419840906911699,52.0,6.189305450224732,34.378125,Windows,1.0041666666666667,2022-09-02 00:15:40,2022-09-01 23:15:25,0.0,0.0
90,628b3157-4b05-4616-9617-45545d6e5eb1,0ea915fe-1233-45e7-9fb8-5e46b998f25d,30.75109170305677,10.083600596807651,3189.7991266375548,2272.9228542953642,0.0,0.0,0.0,1397.9276674513715,158.57205240174673,Windows,0.3347222222222222,2022-09-01 00:51:00,2022-09-01 00:30:55,0.0,0.0
91,673ef408-8f89-449d-a348-26ffa47b37e8,8b703826-34df-40d1-b706-47013c9d97fe,45.83805668016194,11.742065694640877,2915.7165991902834,2584.1929014448233,0.0,0.0,0.0,11.612592691079806,9.902834008097166,Windows,0.3416666666666667,2022-09-01 09:20:55,2022-09-01 09:00:25,0.0,0.0
92,67730d2e-c2e9-45e8-af6e-d42a2645662a,ef61d899-5b80-4833-9a0c-c5e158fbaff2,48.00695410292072,10.316371851323055,2858.8136300417245,3894.271914641059,0.0890125173852573,2.386797250010245,64.0,43.27375761028688,209.55215577190543,Windows,0.9972222222222222,2022-09-01 20:44:40,2022-09-01 19:44:50,0.0,0.0
93,69ecd0b9-713a-45ac-9a77-89cf3eadb65f,7f89fe68-bdfa-4b79-b15a-0653c4f76538,36.675081433224754,6.480323015323492,12490.425895765473,2966.686804908139,0.9364820846905537,7.330760769923973,95.0,30.232660298794947,25.050488599348533,Windows,1.7291666666666667,2022-09-01 16:15:40,2022-09-01 14:31:55,0.0,0.0
94,6bb48ce7-828d-4b9d-ad81-ccbe35e695d8,33a2a622-ca27-44ab-a654-b60cc076ba7f,28.877309682187732,4.109056368088249,6859.804138950481,4605.7377404654035,0.0,0.0,0.0,67.22571772823757,74.35476718403548,Windows,1.902777777777778,2022-09-01 19:24:50,2022-09-01 17:30:40,0.0,0.0
95,6bb48ce7-828d-4b9d-ad81-ccbe35e695d8,f3fd0f44-42de-494b-8919-368dd6ed9526,29.563088512241055,2.514349960946779,9382.845574387948,2810.9461501648516,0.19397363465160075,3.2005367225687484,60.0,141.87627984746564,68.4030131826742,Windows,0.7444444444444445,2022-09-01 20:30:05,2022-09-01 19:45:25,0.0,0.0
96,6f00d147-d2bb-4f4b-9e24-de69e01c4c85,9b5b2279-257b-4323-a4c2-76f1a3c163d2,26.99665551839465,3.0172861353449645,874.819397993311,820.1076542679615,0.12040133779264214,2.081933755078464,36.0,90.3998502560108,122.23411371237458,Windows,0.41805555555555557,2022-09-01 14:57:00,2022-09-01 14:31:55,0.0,0.0
97,6f00d147-d2bb-4f4b-9e24-de69e01c4c85,a87e56d2-baa2-4509-a4d0-8e60f8988595,29.89265536723164,6.806981898613616,1097.4802259887006,884.4625877950066,0.3898305084745763,4.012835722938486,50.0,1301.9915121810407,448.12994350282486,Windows,0.2513888888888889,2022-09-01 16:45:45,2022-09-01 16:30:40,0.0,0.0
98,6f00d147-d2bb-4f4b-9e24-de69e01c4c85,e50aeb81-b9a7-43db-8706-6661c4c01546,29.472361809045225,2.573661272159103,1567.6040201005026,1598.2253148181178,0.036180904522613064,1.1412767249068339,36.0,771.061799430497,107.70050251256282,Windows,1.5847222222222221,2022-09-01 11:35:30,2022-09-01 10:00:25,0.0,0.0
99,70cadf59-c4ab-49bc-aa21-c48679a8c5cc,c3c4328e-9141-4c8f-9400-835da45fa7bc,29.880368098159508,1.4243163189512318,4296.891104294478,1637.640491630742,0.0015337423312883436,0.03916302249939787,1.0,9.826531945237528,17.691717791411044,Windows,1.0361111111111112,2022-09-01 09:17:35,2022-09-01 08:15:25,0.0,0.0
100,70cadf59-c4ab-49bc-aa21-c48679a8c5cc,dc1520d1-2004-492e-a925-fac1339d9b61,29.986328125,1.3741819191685276,2757.8740234375,820.0454239314264,0.0,0.0,0.0,20.258505455191962,21.1728515625,Windows,1.4944444444444445,2022-09-01 19:00:20,2022-09-01 17:30:40,0.0,0.0
101,755224fb-8ce1-40a4-8e3c-707b505a961c,357fbeb5-b9fe-4a21-87e9-33da05875282,29.363636363636363,1.2552918289216957,1047.6363636363637,538.6823028247943,0.0,0.0,0.0,4.295371514807124,86.54545454545455,Windows,0.029166666666666667,2022-09-01 17:18:25,2022-09-01 17:16:40,0.0,0.0
102,755224fb-8ce1-40a4-8e3c-707b505a961c,cda9cda7-1097-4d1c-b38a-56774f13105a,29.195121951219512,1.7207485608757886,998.5365853658536,1111.9864229737916,0.0,0.0,0.0,51.46169544001612,224.4878048780488,Windows,0.05555555555555555,2022-09-01 15:56:40,2022-09-01 15:53:20,0.0,0.0
103,762af8e0-ded1-4146-bbaf-04e3c028db9f,c9821781-275b-4bdf-9322-adf1f504ba88,41.554545454545455,8.31775636168855,6605.781818181818,1925.739397527434,0.5636363636363636,5.911468053322671,62.0,642.9220527961714,134.3090909090909,Windows,0.15694444444444444,2022-09-01 11:24:50,2022-09-01 11:15:25,0.0,0.0
104,766e92aa-01b1-44a6-a7b2-bc34dc87901a,b7c1924d-ec49-46c1-89f0-564f5ee97259,33.1024811218986,10.558653636878299,1621.9881337648328,1376.6692553115104,0.0,0.0,0.0,2008.0874109698022,177.24271844660194,Windows,1.4972222222222222,2022-09-01 15:30:15,2022-09-01 14:00:25,0.0,0.0
105,7786f903-15e9-46a7-ba3a-31cd68a232d4,94e4b381-d932-4afc-95df-604a9d852b1b,29.601047120418848,3.726920445798077,8642.284816753927,2145.7485723089435,0.21151832460732983,3.2310199365894814,75.0,841.7045212666145,205.67329842931937,Windows,1.3708333333333333,2022-09-01 11:22:45,2022-09-01 10:00:30,0.0,0.0
106,79d2966f-6312-403a-b583-f47c3c0dca6a,128bb779-6714-4ecc-93c3-2ad1cc49c938,29.315533980582526,4.745973448826211,11814.9644012945,4647.039087847433,0.016181229773462782,0.40225899335456466,10.0,946.9143458227992,191.4789644012945,Windows,0.9236111111111112,2022-09-01 11:10:50,2022-09-01 10:15:25,0.0,0.0
107,79d2966f-6312-403a-b583-f47c3c0dca6a,7f19fae3-35cf-404a-9410-dc546d887eb5,27.54242928452579,2.2563327674443583,5016.03078202995,3580.423558394027,0.0,0.0,0.0,14.295840800221615,37.526622296173045,Windows,1.6847222222222222,2022-09-01 18:26:45,2022-09-01 16:45:40,0.0,0.0
108,7c10b916-897e-40e4-bcb8-95b889dcbc1b,72f71f5a-507d-45d1-b134-21aec4cfe4f9,38.40120663650075,12.622608047020528,17321.625339366517,6568.806649646802,5.069079939668175,21.938103391463653,161.0,2.660275718324661,7.831070889894419,Windows,4.648611111111111,2022-09-01 21:55:40,2022-09-01 17:16:45,0.0,0.0
109,7c10b916-897e-40e4-bcb8-95b889dcbc1b,74753c5f-5cdf-45d8-b2f5-2b00a2896996,33.50239234449761,8.54519905803718,14671.875598086124,4695.754353241685,0.11004784688995216,1.5909432668919716,23.0,2.52111072027668,8.4688995215311,Windows,0.29305555555555557,2022-09-01 00:17:40,2022-09-01 00:00:05,0.0,0.0
110,7c7eeaa1-c850-414c-b97b-b8a3d40ed3ed,00699e6b-ffc6-453d-906d-3dad66498fdd,29.004497751124436,4.541266658431647,5726.079460269865,5132.07124809062,1.2533733133433282,6.921501068562336,70.0,2.796216966559766,7.113943028485757,Windows,0.925,2022-09-01 11:10:55,2022-09-01 10:15:25,0.0,0.0
111,7c7eeaa1-c850-414c-b97b-b8a3d40ed3ed,d5a9706f-41ff-48e2-b76d-9bb464960234,49.33901918976546,8.60022559195612,6021.972281449894,6009.069233471092,0.8486140724946695,6.847585449916206,71.0,4.374130340707037,5.848614072494669,Windows,0.6652777777777777,2022-09-01 14:53:05,2022-09-01 14:13:10,0.0,0.0
112,7ccefde6-3a8b-469a-8cbd-401968f5ca98,745a44c8-59a1-4191-be9e-5fb52a2e3eba,26.591647331786543,3.335548464504274,764.2018561484919,1157.5326058379273,0.0,0.0,0.0,35.017341904675725,55.561484918793504,Windows,0.6430555555555556,2022-09-01 09:25:15,2022-09-01 08:46:40,0.0,0.0
113,7ccefde6-3a8b-469a-8cbd-401968f5ca98,9559d3d3-049d-422a-b7d1-b6d0e8285f7e,29.17267267267267,3.4786443307578514,2235.9714714714714,1252.951952860675,0.7237237237237237,10.395572016084634,213.0,355.7450894332541,92.37537537537537,Windows,0.9361111111111111,2022-09-01 12:27:45,2022-09-01 11:31:35,0.0,0.0
114,7ccefde6-3a8b-469a-8cbd-401968f5ca98,bd3aeaf0-67c1-4210-9c10-2a3b213dd07d,30.0,0.16329931618554527,2626.619680851064,1120.394678809644,0.0,0.0,0.0,14.650232249508502,19.00531914893617,Windows,0.5375,2022-09-01 18:18:25,2022-09-01 17:46:10,0.0,0.0
115,7ccefde6-3a8b-469a-8cbd-401968f5ca98,f8f0da8f-5e22-4981-b98a-240e2520787b,29.835736354273944,0.9560520312652558,2720.905509783728,1021.479474511523,0.0,0.0,0.0,9.516262824570338,24.370236869207,Windows,5.495833333333334,2022-09-02 00:15:40,2022-09-01 18:45:55,0.0,0.0
116,7e7207c1-2ca3-423b-b63d-97fe4d066756,e0d1992d-8d4f-4cd3-9e07-3d0e9e80be5e,44.715384615384615,3.1185944150580296,835.3346153846154,85.16565480602355,0.0,0.0,0.0,11.457907107479762,51.07692307692308,Windows,0.36666666666666664,2022-09-01 17:07:40,2022-09-01 16:45:40,0.0,0.0
117,80da7574-efd0-41a4-a9c7-8fa50469107a,f652e4ee-f08a-4635-a0f5-91c03a8a66c8,31.0,0.0,8317.0,0.0,0.0,0.0,0.0,0.0,18.0,Windows,0.041666666666666664,2022-09-01 16:19:10,2022-09-01 16:16:40,0.0,0.0
118,87515e2e-1964-4808-832a-a666ef8784cd,fdabd32c-b6e6-4188-80d3-2239e8ec58ca,24.05263157894737,1.641836763745365,3924.426315789474,402.99387832879256,0.0,0.0,0.0,19.479927762462136,32.64736842105263,Windows,0.2625,2022-09-01 23:01:40,2022-09-01 22:45:55,0.0,0.0
119,87d2774d-07c9-45fa-8a4a-ade7513f3447,1f3da663-6776-451f-94ff-e4c7b50527eb,28.588957055214724,2.3642477493029252,5872.19018404908,2041.1278619640711,0.0,0.0,0.0,31.263984229026885,26.145486415425065,Windows,2.036111111111111,2022-09-01 22:17:35,2022-09-01 20:15:25,0.0,0.0
120,89190c36-d688-4d92-bdd4-611268126d62,08a0874a-ce4b-449f-b27f-cb68abbce796,28.863770977295164,3.6368231471468704,5137.757156959527,1861.2961112343899,0.0,0.0,0.0,3.845186216899707,6.928923988153998,Windows,1.4583333333333333,2022-09-01 01:28:55,2022-09-01 00:01:25,0.0,0.0
121,924a9d8a-2e80-4bf9-9a02-2d2639b76859,121d4f66-a05a-4a0b-9956-00e777cf07dc,28.479591836734695,2.5413268384303676,6376.010204081633,4067.059054207385,0.0,0.0,0.0,8.228996879853762,10.489795918367347,Windows,0.14722222222222223,2022-09-01 12:54:15,2022-09-01 12:45:25,0.0,0.0
122,9a4902e5-1cdf-4614-8f38-b62d379d5ee4,2950a8c4-8070-4e95-89a5-c67f8759f860,53.1423487544484,7.776408014405325,380.47330960854094,833.6247443926137,0.0,0.0,0.0,32.66667596118131,73.44128113879003,Windows,0.4027777777777778,2022-09-01 19:25:40,2022-09-01 19:01:30,0.0,0.0
123,9a4902e5-1cdf-4614-8f38-b62d379d5ee4,46b8ffbc-4418-4da2-bcdf-3836387ef6d5,44.48837209302326,7.52577510304904,461.7151162790698,963.9216228381019,0.0,0.0,0.0,16.6962650277801,67.0813953488372,Windows,0.24166666666666667,2022-09-02 00:15:40,2022-09-02 00:01:10,0.0,0.0
124,9a4902e5-1cdf-4614-8f38-b62d379d5ee4,63adab5b-8e71-4e72-8006-0c86e3607cfd,54.23127229488704,6.619830099906595,1876.666468489893,2404.7454005232607,0.0,0.0,0.0,26.59021760450622,57.34423305588585,Windows,2.3805555555555555,2022-09-01 02:22:55,2022-09-01 00:00:05,0.0,0.0
125,9a4902e5-1cdf-4614-8f38-b62d379d5ee4,b4c144e6-8b81-49e0-a0ea-b6073dcf3b97,60.0,0.0,5157.0,0.0,0.0,0.0,0.0,0.0,0.0,Windows,0.03194444444444444,2022-09-01 23:17:35,2022-09-01 23:15:40,0.0,0.0
126,9a4902e5-1cdf-4614-8f38-b62d379d5ee4,ce9c864a-b881-4223-a86a-8896d485c047,54.97550353837779,5.53134746922367,5008.123571039739,1886.2185596492932,0.12955906369080022,2.863941262478091,78.0,281.9483835602335,34.527490473598256,Windows,2.6708333333333334,2022-09-01 22:55:55,2022-09-01 20:15:40,0.0,0.0
127,9aed55c5-4a1b-4604-bd37-ac0f9d242b10,5026ab62-cb95-41d6-9c25-61407baca382,29.244604316546763,2.269553201633396,9459.363309352519,2488.595897256234,0.05755395683453238,1.3571022874879535,32.0,11.912469862845288,30.534172661870503,Windows,0.9305555555555556,2022-09-01 23:11:45,2022-09-01 22:15:55,0.0,0.0
128,9c42b311-d4f4-458f-b8ab-caa7f582fc31,5840eeee-5e9e-4e43-9c32-3e1c82632543,53.827586206896555,7.006608236776627,13687.603448275862,2957.5813075662168,0.8620689655172413,6.565321642986128,50.0,1.4913543948486836,36.327586206896555,Windows,0.07916666666666666,2022-09-01 22:20:40,2022-09-01 22:15:55,0.0,0.0
129,a150867b-44d5-11e9-b823-1acd96277412,5621d30b-bbe8-4d3a-a253-74d9dbe75603,29.31764705882353,2.7744044180139693,2085.0529411764705,642.0145647278256,0.0,0.0,0.0,94.83963345453454,109.98823529411764,Windows,0.2388888888888889,2022-09-01 17:04:40,2022-09-01 16:50:20,0.0,0.0
130,a18a85f1-2a79-4c19-a8d0-157af0315412,69fe8410-8660-40ca-8000-c107cb7fa3af,49.287179487179486,10.109176689716472,16883.476923076923,11064.574535553329,0.0,0.0,0.0,5.5635943250182835,20.92820512820513,Windows,0.29305555555555557,2022-09-01 20:03:00,2022-09-01 19:45:25,0.0,0.0
131,a1ef955f-44d5-11e9-b823-1acd96277412,07cb6878-2f71-4a88-a6b0-aa6b29d1d3a4,28.11304347826087,2.4342772168075886,1318.6173913043478,1301.4279106859638,0.0,0.0,0.0,22.240046754309382,208.5304347826087,Windows,0.15833333333333333,2022-09-01 17:27:55,2022-09-01 17:18:25,0.0,0.0
132,a1ef955f-44d5-11e9-b823-1acd96277412,a940de56-a0ac-4314-b40c-349dc38ef66f,29.432821497120923,4.224465305001211,2678.7284069097886,1626.2541791715594,0.09884836852207293,2.7650242138213654,88.0,1233.6772563245888,514.4654510556622,Windows,1.4458333333333333,2022-09-01 18:57:40,2022-09-01 17:30:55,0.0,0.0
133,a1ef955f-44d5-11e9-b823-1acd96277412,b0cd4e3c-57ab-46f8-adec-3508d3c7ef96,26.08823529411765,1.2152477502444319,1949.7058823529412,79.18659567152982,0.0,0.0,0.0,18.840828726318655,210.58823529411765,Windows,0.04583333333333333,2022-09-01 15:31:10,2022-09-01 15:28:25,0.0,0.0
134,a290c508-44d5-11e9-b823-1acd96277412,056cbc61-3dc9-4a29-972b-d8c3f3fe01d1,29.462264150943398,2.7137350299707066,6488.560377358491,1919.3905167278917,0.0,0.0,0.0,11.296027732643362,31.37735849056604,Windows,0.8708333333333333,2022-09-01 01:53:30,2022-09-01 01:01:15,0.0,0.0
135,a290c508-44d5-11e9-b823-1acd96277412,488a7e65-561e-43f4-a694-a53f692e2ae7,29.373887240356083,3.1152897746605466,7336.13056379822,2078.7202724266685,0.0,0.0,0.0,10.16354710221904,36.16320474777448,Windows,0.5097222222222222,2022-09-01 12:32:30,2022-09-01 12:01:55,0.0,0.0
136,a290c508-44d5-11e9-b823-1acd96277412,846d5fef-c134-470f-b527-d9a10ffdadfa,29.50467289719626,1.916681314594903,7058.814953271028,2653.3145728028358,0.09345794392523364,2.161688505835585,50.0,12.14129770429608,25.411214953271028,Windows,0.8430555555555556,2022-09-01 18:07:35,2022-09-01 17:17:00,0.0,0.0
137,a290c508-44d5-11e9-b823-1acd96277412,f1b5cb9b-2484-403c-b3f7-bdc039370534,29.16030534351145,2.8968420903158005,7066.141984732824,2582.9867694324985,0.0,0.0,0.0,8.02145877753951,29.761832061068702,Windows,1.0402777777777779,2022-09-01 08:03:10,2022-09-01 07:00:45,0.0,0.0
138,ab62e8d2-7d3e-46e3-a935-34f5a9416f41,2b1e7ae9-e3c8-439d-b783-e7cb601ba858,29.659380692167577,1.0102613933587676,6744.836065573771,1387.7847450609584,0.0,0.0,0.0,11.548755137685308,7.249544626593807,Windows,0.7736111111111111,2022-09-01 23:49:20,2022-09-01 23:02:55,0.0,0.0
139,ab62e8d2-7d3e-46e3-a935-34f5a9416f41,d47b06eb-2de2-4045-a82c-bf840a760b64,28.030701754385966,1.8064801218063513,6138.3421052631575,566.208587348106,0.0,0.0,0.0,4.589836704480906,9.197368421052632,Windows,0.3194444444444444,2022-09-01 17:19:50,2022-09-01 17:00:40,0.0,0.0
140,b1dfdcc8-0a9c-4143-a8e2-431e4a0fa417,83c97309-0a09-4177-bfce-e9b6b1cb3d07,31.818181818181817,8.917651121275384,1682.7569573283859,1969.7016555367434,0.4359925788497217,4.491326160114042,76.0,41.15616051140963,63.3747680890538,Windows,0.7458333333333333,2022-09-02 00:15:40,2022-09-01 23:30:55,0.0,0.0
141,b36bff73-4c62-45fa-9004-5b559a4fc3d9,84b8566a-4f67-4652-8ad7-3d271a21b315,19.513536379018614,19.144180512679583,11362.848223350255,6745.67689561042,0.0,0.0,0.0,107.78925932466112,10.16615905245347,Windows,8.411111111111111,2022-09-01 08:24:45,2022-09-01 00:00:05,0.0,0.0
142,b37ac635-0601-4d3a-b2ae-bb8d33732ec2,269ff05f-b0bb-4ad8-b853-89277132f02f,29.346153846153847,2.2703174594729516,4708.260683760684,4204.296253031471,0.0,0.0,0.0,3.1899070730562986,289.86752136752136,Windows,0.33194444444444443,2022-09-01 11:31:35,2022-09-01 11:11:40,0.0,0.0
143,b48fbaf6-8cfb-45c8-a1e0-6ac01acc14aa,1d4cc64f-63a7-4889-bd85-64e26fc036c8,23.64516129032258,5.138020044137371,6360.162365591398,2819.44932566299,0.0,0.0,0.0,1.8324687791839174,12.573118279569892,Windows,1.3027777777777778,2022-09-01 08:04:05,2022-09-01 06:45:55,0.0,0.0
144,b48fbaf6-8cfb-45c8-a1e0-6ac01acc14aa,56a220ce-169c-4f9f-8b6d-7fa8d1aed9cd,22.613871635610767,4.811576510689667,3607.7639751552797,1733.6112502612782,0.0,0.0,0.0,15.254175848543515,14.01656314699793,Windows,1.4555555555555555,2022-09-01 11:43:00,2022-09-01 10:15:40,0.0,0.0
145,b4eff15f-b96f-4995-b67e-64e9922ad43a,c77f80c3-b70f-4d49-b380-f8fa85d01600,25.255874673629243,4.105584334501934,7439.80678851175,2492.7190571041347,0.0,0.0,0.0,35.552812274084374,13.864229765013055,Mac,0.6125,2022-09-01 13:22:25,2022-09-01 12:45:40,0.0,0.0
146,b5a47b4b-31f4-411f-966c-b2dd38b81a29,7de4787e-f774-49bd-8178-6c73c6fec8fc,29.866666666666667,0.3457459036417604,2266.1,973.6903263995889,0.0,0.0,0.0,9.062744249582096,78.26666666666667,Mac,0.04027777777777778,2022-09-02 00:03:35,2022-09-02 00:01:10,0.0,0.0
147,b69da17c-aefa-4240-b877-412a99e33677,2ca65586-9071-42d7-add4-7113f8bb7a87,27.526226734348562,3.090052183852084,7677.587986463621,3086.3369282215685,0.0,0.0,0.0,129.95030946627116,23.54653130287648,Windows,1.7458333333333333,2022-09-02 00:15:40,2022-09-01 22:30:55,0.0,0.0
148,b77170ee-7484-403e-a0f1-9a5250f14090,3a12a321-08d8-445a-922c-40f7133b11a6,29.959183673469386,0.199914947901746,18990.408163265307,3187.1629032101005,0.0,0.0,0.0,2.302763793452419,16.775510204081634,Windows,0.06666666666666667,2022-09-01 13:49:40,2022-09-01 13:45:40,0.0,0.0
149,b908411c-9568-4df2-a93c-2315304d8bf1,1ab32726-a875-4c67-92e7-ac54a6730b37,28.91875,3.1722922447819877,16205.86375,6459.875329368228,0.625,5.548072926318415,60.0,12.834617188447188,7.2925,Mac,2.265277777777778,2022-09-01 21:17:20,2022-09-01 19:01:25,0.0,0.0
150,bc160842-67c4-4ead-8ff5-ccdafeab2828,33476c7d-71cb-457b-9381-45d3023da018,29.587183308494783,2.9996641046915076,9808.269746646796,2240.950776423262,0.3174366616989568,5.2284220374391435,111.0,90.73691299053044,63.36512667660209,Windows,0.9736111111111111,2022-09-01 12:45:25,2022-09-01 11:47:00,0.0,0.0
151,bc160842-67c4-4ead-8ff5-ccdafeab2828,5d27a14e-7b17-43bf-80d4-4c9b6ef3b561,29.23076923076923,2.015774892265898,10132.48076923077,1734.7253327299634,0.0,0.0,0.0,4.834009418570006,31.75,Windows,0.07083333333333333,2022-09-01 06:05:25,2022-09-01 06:01:10,0.0,0.0
152,bc160842-67c4-4ead-8ff5-ccdafeab2828,719506a1-042b-4100-a60c-9c9e23b6a0fe,29.41566265060241,2.383274142114042,9614.142570281125,2382.9962341697938,0.07228915662650602,1.6131985738135948,36.0,67.51991201610213,36.230923694779115,Windows,0.7125,2022-09-01 04:28:40,2022-09-01 03:45:55,0.0,0.0
153,bc240245-2d3a-43a0-aafa-71b5b10ca5b4,058a1b57-1fc5-4f26-81e9-5390c54e1ec0,24.0,,4010.0,,0.0,,0.0,,29.0,Windows,0.0,2022-09-01 12:45:45,2022-09-01 12:45:45,0.0,0.0
154,bdfe3520-a5b4-4602-8e3e-bedfff19087a,9322932c-492e-434c-b453-0abda826780a,38.81818181818182,18.764479962025142,10033.636363636364,6851.56058302289,20.84090909090909,33.033417316702945,101.0,65.99762953011327,130.8181818181818,Windows,0.06527777777777778,2022-09-01 23:06:25,2022-09-01 23:02:30,0.0,0.0
155,bdfe3520-a5b4-4602-8e3e-bedfff19087a,a63a9903-bbd4-4168-9847-d114d5691dbe,30.580701754385966,9.190886037260446,8729.924561403508,3587.542245026895,0.0,0.0,0.0,5.20406620438878,16.568421052631578,Windows,0.7944444444444444,2022-09-01 22:48:05,2022-09-01 22:00:25,0.0,0.0
156,bdfe3520-a5b4-4602-8e3e-bedfff19087a,f70b9358-0c38-4dd6-acdb-85744d2a1155,26.51143790849673,2.912504766934283,7239.485294117647,2312.7722699424617,0.0,0.0,0.0,4.7144885328728785,15.834967320261438,Windows,0.8486111111111111,2022-09-01 20:19:25,2022-09-01 19:28:30,0.0,0.0
157,c27aec44-ea33-4f9c-85a3-b6b97b27de43,9993a547-c97d-4b56-a20f-7bfe96401344,25.645985401459853,3.295385042531552,4869.08394160584,3349.562457386287,0.0,0.0,0.0,31.63804782893414,33.67883211678832,Windows,0.3972222222222222,2022-09-01 08:54:15,2022-09-01 08:30:25,0.0,0.0
158,c2ae5a51-0510-4712-ad04-5acad63f926d,0fab3a36-4797-40c8-8d3a-ca99c22da017,33.59308357348703,4.927427007124832,11302.922190201729,2943.7934824275985,0.04610951008645533,1.4753474439171363,57.0,0.8158429298715084,45.70028818443804,Windows,2.4166666666666665,2022-09-01 02:25:05,2022-09-01 00:00:05,0.0,0.0
159,c2ae5a51-0510-4712-ad04-5acad63f926d,13656c1f-a52d-43c2-89d8-cc7c8e2d4e98,40.34379310344828,8.63067358226271,12585.313103448276,4928.52412999386,0.823103448275862,7.205653276471619,84.0,1061.3117986305467,83.44310344827586,Windows,4.35,2022-09-01 23:22:25,2022-09-01 19:01:25,0.0,0.0
160,c84102ec-b105-4e5d-a0f6-944eb374e4e3,5b0fe02d-96c5-48a9-8fbe-9736f2478ac6,22.774193548387096,16.441131441122153,3150.425806451613,3047.4115506882763,22.68548387096774,37.76219419937024,255.0,298.4092844481711,186.56290322580645,Windows,0.8597222222222223,2022-09-01 16:28:45,2022-09-01 15:37:10,0.0,0.0
161,c90264cc-c981-4c83-8b11-f437e23eec0c,882088a7-00cc-422b-be67-a7e42ed5d40e,29.051359516616316,3.319422589537507,3790.3836858006043,2311.2817513573023,0.0,0.0,0.0,57.060255233154415,37.0,Windows,0.4861111111111111,2022-09-01 23:32:45,2022-09-01 23:03:35,0.0,0.0
162,c90264cc-c981-4c83-8b11-f437e23eec0c,fc5188d3-4a95-47eb-bf38-5e87991447de,29.197411003236247,2.1764366271996525,3823.640776699029,2241.679257446731,0.0,0.0,0.0,58.13350020142339,37.48543689320388,Windows,0.4361111111111111,2022-09-01 00:26:15,2022-09-01 00:00:05,0.0,0.0
163,cd459b93-e327-4fda-bfb6-05993bcf9366,a08e25b0-40f4-4d36-8a3d-c79877d94180,45.77949438202247,17.30614471892331,10063.591292134832,8397.941275417028,2.0280898876404496,12.894761646559637,117.0,8.686819338068148,220.5435393258427,Windows,0.9875,2022-09-01 18:32:40,2022-09-01 17:33:25,0.0,0.0
164,d316573a-46df-4c23-b404-dde8790096c6,64802667-d720-4a8d-8653-786c28e4eaa9,27.38144329896907,7.439359385993189,6138.541633624108,1986.1151245953033,3.767644726407613,11.239277779458927,60.0,285.24303514565,43.64076130055511,Mac,1.8027777777777778,2022-09-01 23:48:50,2022-09-01 22:00:40,0.0,0.0
165,d316573a-46df-4c23-b404-dde8790096c6,73646cb2-b0c7-4f0a-a7aa-961ed02fa3ef,27.789428815004264,6.957512998967895,5932.127877237852,1939.455524386608,2.453537936913896,9.247669101096795,60.0,803.0869961580677,76.82438192668371,Mac,1.6708333333333334,2022-09-01 01:40:20,2022-09-01 00:00:05,0.0,0.0
166,d316573a-46df-4c23-b404-dde8790096c6,cf9f9751-4b03-4fff-a8ca-e4a17ab2a782,21.13317479191439,5.6686289753002885,3585.2104637336506,1909.2531224854138,1.5041617122473245,6.832946347008094,50.0,31.407411407338458,39.04042806183115,Mac,2.373611111111111,2022-09-01 16:38:05,2022-09-01 14:15:40,0.0,0.0
167,d3bdb36e-4967-4be2-8759-8935fe54b5e5,a71ae11f-8958-42af-a549-18be9cd2c18b,29.876510067114094,0.7077137639893085,9710.21476510067,2220.348778556562,0.0,0.0,0.0,0.6343411419886203,24.534228187919464,Windows,1.0375,2022-09-01 01:02:20,2022-09-01 00:00:05,0.0,0.0
168,d60a17d4-8f37-4b88-b45f-6a31af573d93,d2132a26-491d-43b7-8930-3dcfe838a9b1,26.375,1.51504797626028,461.90441176470586,29.793332258390024,0.0,0.0,0.0,7.160131539303639,7.580882352941177,Windows,0.19166666666666668,2022-09-01 00:11:35,2022-09-01 00:00:05,0.0,0.0
169,d777a472-35c3-4e6e-9d6b-643bb588ea42,a9314552-8c8b-40c0-882d-8a074b37c96e,51.142857142857146,6.46984265863852,19223.35714285714,9608.570437209471,0.8928571428571429,8.183170883849717,75.0,32.7930693704906,22.011904761904763,Windows,0.11527777777777778,2022-09-01 00:08:20,2022-09-01 00:01:25,0.0,0.0
170,d777a472-35c3-4e6e-9d6b-643bb588ea42,c1807d3f-9e03-4c24-8df5-19366f25e9e5,47.029126213592235,10.170740096185147,6062.864077669903,4916.245428965968,0.0,0.0,0.0,6.450894988141315,7.640776699029126,Windows,0.42777777777777776,2022-09-01 00:41:40,2022-09-01 00:16:00,0.0,0.0
171,dc71b08b-aef2-44bb-a043-444d3abd54f1,46db31d7-e939-4903-8a5b-0c25f958393c,29.247524752475247,2.7871345162875056,6338.693069306931,3842.836600071812,0.0,0.0,0.0,5.77167889159842,12.485148514851485,Windows,0.1597222222222222,2022-09-01 09:40:40,2022-09-01 09:31:05,0.0,0.0
172,de81528d-c769-4885-ae09-9f0ac096b195,a2e38360-b7c4-40bc-8067-e5b2e915dd88,16.869481765834934,6.049765559414243,4141.177543186181,2455.126157988094,0.011516314779270634,0.371746926485274,12.0,3.07761969553905,24.24376199616123,Windows,1.4666666666666668,2022-09-01 13:59:00,2022-09-01 12:31:00,0.0,0.0
173,de81528d-c769-4885-ae09-9f0ac096b195,f82966b9-dc63-4b4d-a5f8-1ec0f86daab2,27.233644859813083,3.7152907889249396,1028.8130841121495,1804.7650875769466,0.0,0.0,0.0,0.7141169158435587,22.785046728971963,Windows,0.14722222222222223,2022-09-01 23:11:45,2022-09-01 23:02:55,0.0,0.0
174,df264120-c599-4fe1-9a31-3f0a96075fa1,ab9de829-194a-4a4b-b34b-d1ebf8bb2408,25.17168674698795,2.8587743555152607,757.4472891566265,1084.2178684921444,0.18072289156626506,2.475921222894411,42.0,39.667887814524526,43.71987951807229,Mac,0.9333333333333333,2022-09-01 14:41:40,2022-09-01 13:45:40,0.0,0.0
175,e2053777-03c2-48f4-a279-83a06e6d8b1a,b403e7f3-6f47-4334-8d20-6f0ac19b0bb4,29.735576923076923,2.471535276315833,9503.98076923077,1817.1574525499602,0.0,0.0,0.0,1354.240702092441,105.0048076923077,Windows,0.2986111111111111,2022-09-01 14:49:50,2022-09-01 14:31:55,0.0,0.0
176,e2053777-03c2-48f4-a279-83a06e6d8b1a,b6f1d6d5-8eba-4ff3-947f-47468fddccd1,29.536666666666665,1.468278479899963,8315.546666666667,3696.628983360965,0.0,0.0,0.0,13.267276866467544,18.31,Windows,0.4361111111111111,2022-09-01 21:12:20,2022-09-01 20:46:10,0.0,0.0
177,e2053777-03c2-48f4-a279-83a06e6d8b1a,ca39bfd1-e91d-4e0b-9ebb-bd76d7dc407c,29.801341156747696,1.4585773425564823,9196.79128248114,2283.422484078762,0.0,0.0,0.0,6.226720175092885,15.04777870913663,Windows,1.6847222222222222,2022-09-01 01:42:30,2022-09-01 00:01:25,0.0,0.0
178,e5af4e04-eefb-4abf-81eb-0ad78aaaa819,bdc523e5-596d-4477-97d8-5f5075ddaf37,27.67259498787389,3.3404940444845868,2763.0016168148745,2216.4871113733357,0.0,0.0,0.0,55.715486846950526,48.126111560226356,Windows,1.7527777777777778,2022-09-01 22:45:50,2022-09-01 21:00:40,0.0,0.0
179,e5dcc126-2f2d-4b78-a3b1-956b08bb11ce,83ce05a6-1ee8-465c-a5e1-0e2a51a57fd1,29.17765814266487,4.298293497948285,5862.4192462987885,1545.3122552458767,1.2015477792732168,7.109999616078126,71.0,43.083477483217266,20.133916554508748,Windows,4.197222222222222,2022-09-01 22:57:50,2022-09-01 18:46:00,0.0,0.0
180,e910d84f-a255-4127-8b08-a73b0a4d461a,a4092750-134b-4a6d-86bb-2e49a2fe16ce,45.030080213903744,4.744272828983983,898.8890374331551,469.6207105306798,0.17245989304812834,2.8498084601004203,59.0,11.024997245781522,46.56283422459893,Windows,2.109722222222222,2022-09-01 17:12:10,2022-09-01 15:05:35,0.0,0.0
181,eb2764cf-0a69-424b-ba84-95142fc7a16e,052983e4-6bb4-4555-8a97-a14af6cc9e5b,25.88888888888889,4.702245326555294,739.4444444444445,842.6820442953426,0.0,0.0,0.0,68.25137361255084,182.0,Windows,0.011111111111111112,2022-09-01 15:23:30,2022-09-01 15:22:50,0.0,0.0
182,ebdd5f9c-883b-43b7-aa62-eb49cb8a1a52,9bfceabb-00ba-43f6-91dc-469b4704fb25,28.911242603550296,3.9155281823459736,276.6094674556213,668.5902378140964,0.26627218934911245,3.4615384615384612,45.0,13.330579632520442,4.21301775147929,Windows,0.24305555555555555,2022-09-01 20:01:25,2022-09-01 19:46:50,0.0,0.0
183,ed7a20a6-b447-4804-843a-3f732da0bb1a,22b34a46-6f38-49b6-ad44-b60e42c2d145,37.66319444444444,7.219859052246071,16383.315972222223,6222.380672671841,0.0,0.0,0.0,11.99089617933434,8.793402777777779,Windows,0.8652777777777778,2022-09-01 00:52:00,2022-09-01 00:00:05,0.0,0.0
184,edee6a38-de05-475c-9c4e-6e23a1d95541,0e9bdc1a-148a-433b-92dd-9e900eeac91d,27.131147540983605,5.4512243573839,3060.7704918032787,3455.917882866252,2.180327868852459,8.299614843917583,34.0,0.4201222824850369,31.081967213114755,Windows,0.08333333333333333,2022-09-01 17:21:45,2022-09-01 17:16:45,0.0,0.0
185,edee6a38-de05-475c-9c4e-6e23a1d95541,55ae2b5e-fa90-4578-abdf-faab84d43bdd,33.3859649122807,8.23816799370851,1696.5701754385964,2542.7177954045997,1.7105263157894737,7.296166631057086,34.0,0.8396053367892408,31.342105263157894,Windows,0.15694444444444444,2022-09-01 12:54:55,2022-09-01 12:45:30,0.0,0.0
186,edee6a38-de05-475c-9c4e-6e23a1d95541,8a2d7431-092d-4c9a-afbe-44c1ad764063,25.725200246457177,3.7508272256458386,3313.6888478126925,2968.0185654076167,0.8194701170671596,5.206234095311043,60.0,2.129188173683567,31.23906346272335,Windows,2.290277777777778,2022-09-01 22:17:50,2022-09-01 20:00:25,0.0,0.0
187,edee6a38-de05-475c-9c4e-6e23a1d95541,d24089d5-2a24-4339-b96d-41b439e729b5,25.954954954954953,7.5703486681418966,5511.828828828829,4492.72851998407,2.8603603603603602,9.790722169152525,59.0,5.669875382525545,30.64864864864865,Windows,0.31666666666666665,2022-09-01 01:50:00,2022-09-01 01:31:00,0.0,0.0
188,edee6a38-de05-475c-9c4e-6e23a1d95541,e95638aa-5094-406f-bf37-34979e3b7292,25.50299401197605,4.795987125761967,2155.8982035928143,3236.5283464468703,1.341317365269461,7.5883365972649885,62.0,1.7570006041488049,30.994011976047904,Windows,0.4777777777777778,2022-09-01 12:29:50,2022-09-01 12:01:10,0.0,0.0
189,ee2e91a2-224d-450e-8d99-2d81ec1b2388,82ead1da-027d-48e8-bac3-83c89b487235,49.76382660687593,12.146725526815127,1708.4977578475336,2193.467534571578,1.5919282511210762,10.975857857471514,120.0,786.5994760409876,183.1255605381166,Windows,0.9819444444444444,2022-09-01 13:14:50,2022-09-01 12:15:55,0.0,0.0
190,ef8cccf5-3439-4cb6-b7a1-bf177e04bd4f,ab51f341-be77-4876-bcdc-e406334751b3,29.82016806722689,1.9006281006796304,16475.670588235294,5443.4810722766815,0.0,0.0,0.0,7.308016659084764,28.060504201680672,Windows,0.8722222222222222,2022-09-01 00:53:30,2022-09-01 00:01:10,0.0,0.0
191,efcd10d2-4904-4c51-a9d5-6b580fec786a,4199d95c-d0ca-4b88-9c88-23917f51b9ca,29.792723263506065,0.9714648218816655,8952.57993384785,3302.129126679601,0.0,0.0,0.0,2.521915353364628,12.217199558985667,Windows,1.275,2022-09-01 18:47:10,2022-09-01 17:30:40,0.0,0.0
192,f17a5e01-ee80-43d1-b6c6-cd74e9555856,8fb6ab3c-7c4a-4676-b758-7ac3d69a4c52,28.979899497487438,3.5848264034006783,9186.24623115578,2604.071721584689,0.4949748743718593,4.154900584354077,48.0,7.779301445492145,33.48994974874372,Windows,0.5972222222222222,2022-09-01 00:35:55,2022-09-01 00:00:05,0.0,0.0
193,f17a5e01-ee80-43d1-b6c6-cd74e9555856,c41bf210-f00c-4577-99bc-f98d6149130c,29.576051779935273,3.111365052516523,9278.794498381878,2325.656935092271,0.32038834951456313,3.23988592221588,34.0,13.42953234726593,34.35436893203884,Windows,0.9069444444444444,2022-09-01 16:54:50,2022-09-01 16:00:25,0.0,0.0
194,f85f8f3e-e132-48ca-ba3d-d43577f8e154,85cb67b7-9055-4ade-bb22-e6bb8d2d4144,25.649509803921568,7.94472930223512,2537.860294117647,2687.3036912348707,4.171568627450981,16.94820620988274,105.0,22.211791505499875,106.73897058823529,Windows,1.1513888888888888,2022-09-01 11:24:35,2022-09-01 10:15:30,0.0,0.0
195,f93c9967-0c00-437f-83f9-1b2d935f2884,4f297c8b-c7f9-42cb-aa39-00a9695a2d2d,29.021660649819495,2.6169967934958227,5691.919675090253,2477.050737425937,0.0,0.0,0.0,106.17219308960874,16.390794223826713,Windows,1.5763888888888888,2022-09-01 15:33:30,2022-09-01 13:58:55,0.0,0.0
196,fece4063-8074-44ba-8cb3-c35f6bbf7853,b63b409a-5fd4-41de-b966-f4983943a97a,50.26843657817109,10.019592090249454,6085.333333333333,9436.401018160597,1.6814159292035398,10.933038918848107,90.0,4.228140363605812,6.1386430678466075,Windows,0.46944444444444444,2022-09-01 16:13:35,2022-09-01 15:45:25,0.0,0.0
